Name,IMDB Rating,My Rating,Ratings Count,Directors,Genres,Stars,Release Date
Perfect Days,7.9,10,112000,"Wim Wenders","Drama","Kōji Yakusho,Tokio Emoto,Arisa Nakano",2023
Remember Me,7.1,4,166000,"Will Fetters","Drama,Romance","Robert Pattinson,Emilie de Ravin,Caitlyn Rund",2010
Nacho Libre,6,8,104000,"Jared Hess","Comedy,Sport","Jack Black,Ana de la Reguera,Héctor Jiménez",2006
First Reformed,7.1,9.5,68000,"Paul Schrader","Drama,Thriller","Ethan Hawke,Amanda Seyfried,Cedric The Entertainer",2017
Loving Vincent,7.8,9,69000,"DK Welchman,Hugh Welchman","Animation,Drama","Douglas Booth,Jerome Flynn,Robert Gulaczyk",2017
The Hunt,8.3,9.5,418000,"Thomas Vinterberg","Drama","Mads Mikkelsen,Thomas Bo Larsen,Annika Wedderkopp",2012
Sinners,7.5,7,524000,"Ryan Coogler","Horror","Michael B. Jordan,Jack O'Connell,Hailee Steinfeld",2025
I Swear,8.4,9,63000,"Kirk Jones","Drama","Robert Aramayo,Maxine Peake,Somerled Campbell",2025
Yannick,7,10,8600,"Quentin Dupieux","Comedy,Drama","Raphaël Quenard,Pio Marmaï,Blanche Gardin",2023
The Phoenician Scheme,6.6,9,73000,"Wes Anderson","Comedy,Drama,Thriller","Benicio Del Toro,Mia Threapleton,Michael Cera",2025
Still Life,7.4,8,9900,"Uberto Pasolini","Drama","Eddie Marsan,Joanne Froggatt,Karen Drury",2013
Warfare,7.1,6,11700,"Alex Garland,Ray Mendoza","Action,Drama,War","D'Pharaoh Woon-A-Tai,Will Poulter,Cosmo Jarvis",2025
Mickey 17,6.7,6,262000,"Bong Joon Ho","Comedy,Fantasy,Sci-Fi","Robert Pattinson,Steven Yeun,Michael Monroe",2025
La Haine,8.1,9,231000,"Mathieu Kassovitz","Drama","Vincent Cassel,Hubert Koundé,Saïd Taghmaoui",1995
Didi,7.3,6,17000,"Sean Wang","Comedy,Drama","Izaac Wang,Joan Chen,Shirley Chen",2024
Speak No Evil,6.8,6,148000,"James Watkins","Drama,Horror,Thriller","James McAvoy,Mackenzie Davis,Scoot McNairy",2024
Alien: Romulus,7.1,7,295000,"Fede Alvarez","Horror,Sci-Fi,Thriller","Cailee Spaeny,David Jonsson,Archie Renaux",2024
Longlegs,6.5,8,232000,"Osgood Perkins","Horror,Thriller","Maika Monroe,Nicolas Cage,Blair Underwood",2024
Riders of Justice,7.5,6,78000,"Anders Thomas Jensen","Action,Comedy,Drama,Thriller","Mads Mikkelsen,Nikolaj Lie Kaas,Andrea Heick Gadeberg",2020
Narvik: Hitler's First Defeat,6.6,5,21000,"Erik Skjoldbjærg","Drama,War","Kristine Hartgen,Carl Martin Eggesbø,Christoph Gelfert Mathiesen",2022
Baby Driver,7.5,6.5,695000,"Edgar Wright","Drama,Romance,Thriller","Ansel Elgort,Jon Bernthal,Jon Hamm",2017
Dragged Across Concrete,6.9,7,63000,"S. Craig Zahler","Action,Drama,Thriller","Mel Gibson,Vince Vaughn,Tory Kittles",2018
Sicario,7.7,7,549000,"Taylor Sheridan","Action,Drama,Thriller","Emily Blunt,Josh Brolin,Benicio Del Toro",2015
The Northman,7,6,306000,"Robert Eggers","Action","Alexander Skarsgård,Nicole Kidman,Claes Bang",2022
The Little Things,6.3,6,145000,"John Lee Hancock","Drama,Thriller","Denzel Washington,Rami Malek,Jared Leto",2021
Dune: Part One,8,8,1100000,"Denis Villeneuve","Action,Drama,Sci-Fi","Timothée Chalamet,Rebecca Ferguson,Zendaya",2021
Dune: Part Two,8.4,8,792000,"Denis Villeneuve","Action,Drama,Sci-Fi","Timothée Chalamet,Zendaya,Rebecca Ferguson",2024
Unthinkable,7,6,101000,"Gregor Jordan","Drama,Thriller","Samuel L. Jackson,Carrie-Anne Moss,Michael Sheen",2010
The Killer,6.7,9,228000,"David Fincher","Drama,Thriller","Michael Fassbender,Tilda Swinton,Charles Parnell",2023
Enemy,6.8,9,244000,"Denis Villeneuve","Drama,Thriller","Jake Gyllenhaal,Mélanie Laurent,Sarah Gadon",2013
Black Hawk Down,7.7,8.5,460000,"Ridley Scott","Action,Drama,War","Josh Hartnett,Ewan McGregor,Tom Sizemore",2001
Polar,6.3,5,109000,"Jonas Åkerlund","Action,Thriller","Mads Mikkelsen,Vanessa Hudgens,Katheryn Winnick",2019
The Outpost,6.9,6,49000,"Rod Lurie","Drama,War","Scott Eastwood,Caleb Landry Jones,Orlando Bloom",2019
6 Days,6.2,5,27000,"Toa Fraser","Drama,Thriller","Jamie Bell,Mark Strong,Abbie Cornish",2017
13 Hours,7.3,7,182000,"Michael Bay","Action,Drama,Thriller","John Krasinski,Pablo Schreiber,James Badge Dale",2016
The Covenant,7.5,7,216000,"Guy Ritchie","Drama,Thriller,War","Jake Gyllenhaal,Dar Salim,Sean Sagar",2023
Oldboy,8.3,7,732000,"Park Chan-wook","Action,Drama,Thriller","Choi Min-sik,Yoo Ji-tae,Park Chan-wook",2003
Hardcore Henry,6.7,9,110000,"Ilya Naishuller","Action,Sci-Fi","Sharlto Copley,Tim Roth,Haley Bennett",2015
Tenet,7.3,8,710000,"Christopher Nolan","Action,Sci-Fi,Thriller","John David Washington,Robert Pattinson,Elizabeth Debicki",2020
Extraction,6.8,7,294000,"Sam Hargrave","Action,Thriller","Chris Hemsworth,Bryon Lerum,Anthony Russo",2020
Extraction II,7,7,176000,"Sam Hargrave","Action,Thriller","Chris Hemsworth,Golshifteh Farahani,Adam Bessa",2023
Demolition,7,9.5,139000,"Jean-Marc Vallée","Comedy,Drama","Jake Gyllenhaal,Naomi Watts,Chris Cooper",2015
AKA,6.6,6,15000,"Morgan S. Dalibert","Action,Thriller","Alban Lenoir,Éric Cantona,Thibault de Montalembert",2023
All Quiet on the Western Front,7.8,8,346000,"Edward Berger","Drama,War","Felix Kammerer,Albrecht Schuch,Aaron Hilmer",2022
#ALIVE,6.3,6,56000,"Il Cho","Drama,Horror,Thriller","Yoo Ah-in,Park Shin-hye,Jeon Bae-soo",2020
The Search,6.8,7,3200,"Michel Hazanavicius","Drama,War","Bérénice Bejo,Annette Bening,Maksim Emelyanov",2014
I Am a Hero,6.7,6,9000,"Shinsuke Satô","Action,Comedy,Horror","Yô Ôizumi,Kasumi Arimura,Masami Nagasawa",2015
Nobody,7.4,8,404000,"Ilya Naishuller","Action,Drama,Thriller","Bob Odenkirk,Aleksey Serebryakov,Connie Nielsen",2021
Zodiac,7.7,8,689000,"David Fincher","Drama,Thriller","Jake Gyllenhaal,Robert Downey Jr.,Mark Ruffalo",2007
Whiplash,8.5,8,1200000,"Damien Chazelle","Drama","Miles Teller,J.K. Simmons,Melissa Benoist",2014
American Assassin,6.2,5,102000,"Michael Cuesta","Action,Thriller","Dylan O'Brien,Michael Keaton,Sanaa Lathan",2017
Prisoners,8.2,8,958000,"Denis Villeneuve","Drama,Thriller","Hugh Jackman,Jake Gyllenhaal,Viola Davis",2013
Amélie,8.2,8,847000,"Jean-Pierre Jeunet","Comedy,Romance","Audrey Tautou,Mathieu Kassovitz,Rufus",2001
No Other Choice,7.5,9,75000,"Park Chan-wook","Comedy,Drama","Lee Byung-hun,Son Ye-jin,Woo Seung Kim",2025
Napoleon Dynamite,7,9,259000,"Jared Hess","Comedy","Jon Heder,Efren Ramirez,Jon Gries",2004
Everest,7.1,6,249000,"Baltasar Kormákur","Drama,Thriller","Jason Clarke,Ang Phula Sherpa,Thomas M. Wright",2015
Riverside Mukolitta,6.9,10,509,"Naoko Ogigami","Drama","Noriko Eguchi,Tasuku Emoto,Daisuke Kuroda",2021
Hacksaw Ridge,8.1,7,696000,"Mel Gibson","Drama,War","Andrew Garfield,Sam Worthington,Luke Bracey",2016
Rental Family,7.6,8,66000,"Hikari","Comedy,Drama","Brendan Fraser,Takehiro Hira,Mari Yamamoto",2025
Frankenstein,7.4,8,337000,"Guillermo del Toro","Drama,Fantasy,Horror","Oscar Isaac,Jacob Elordi,Christoph Waltz",2025
One Million Yen Girl,7.2,8,2500,"Yuki Tanada","Drama","Yû Aoi,Mirai Moriyama,Pierre Taki",2008
The Wonderful Story of Henry Sugar and Three More,7.1,9,13000,"Wes Anderson","Comedy,Drama,Fantasy","Richard Ayoade,Benedict Cumberbatch,Eliel Ford",2024
The Grand Budapest Hotel,8.1,8,986000,"Wes Anderson","Comedy,Drama","Ralph Fiennes,F. Murray Abraham,Hugo Guinness",2014
When Harry Met Sally...,7.7,9,275000,"Rob Reiner","Comedy,Drama,Romance","Billy Crystal,Meg Ryan,Carrie Fisher",1989
Argo,7.7,9,673000,"Ben Affleck","Drama,Thriller","Chris Terrio,Tony Mendez,Joshuah Bearman",2012
Stalker,8,9,158000,"Andrei Tarkovsky","Drama,Sci-Fi","Alisa Freyndlikh,Aleksandr Kaydanovskiy,Anatoliy Solonitsyn",1979
100 Meters,7.6,10,8800,"Kenji Iwaisawa","Animation,Drama,Sport","Tôri Matsuzaka,Shôta Sometani,Jun Kasama",2025
Superbad,7.6,7,704000,"Greg Mottola","Comedy","Michael Cera,Jonah Hill,Christopher Mintz-Plasse",2007
The Hangover,7.7,7,944000,"Todd Phillips","Comedy","Zach Galifianakis,Bradley Cooper,Justin Bartha",2009
The Hangover Part II,6.5,6,586000,"Todd Phillips","Comedy","Bradley Cooper,Zach Galifianakis,Ed Helms",2011
At Eternity's Gate,6.9,5,45000,"Julian Schnabel","Drama","Willem Dafoe,Rupert Friend,Oscar Isaac",2018
The Fall Guy,6.8,7,274000,"David Leitch","Action,Comedy,Drama,Romance","Ryan Gosling,Emily Blunt,Aaron Taylor-Johnson",2024
Normal,6.3,5,32000,"Ben Wheatley","Action,Thriller","Bob Odenkirk,Ryan Allen,Billy MacLellan",2025
Chef,7.3,7,254000,"Jon Favreau","Comedy,Drama","Jon Favreau,Robert Downey Jr.,Scarlett Johansson",2014
Gentlemen Broncos,6.2,7,15000,"Jared Hess","Comedy,Fantasy,Sci-Fi","Michael Angarano,Jemaine Clement,Mike White",2009
Eastern Promises,7.6,8,280000,"David Cronenberg","Drama,Thriller","Naomi Watts,Viggo Mortensen,Armin Mueller-Stahl",2007
Blade,7.1,7,336000,"Stephen Norrington","Action,Horror","Wesley Snipes,Stephen Dorff,Kris Kristofferson",1998
Fight Club,8.8,8,2700000,"David Fincher","Crime,Thriller","Brad Pitt,Edward Norton,Meat Loaf",1999
Memories of Murder,8.1,9.5,275000,"Bong Joon Ho","Drama","Song Kang-ho,Kim Sang-kyung,Kim Roe-ha",2003
Cencoroll Connect,6.6,8,243,"Atsuya Uki","Action,Animation,Sci-Fi","Kenji Akabane,Kana Hanazawa,Ryohei Kimura",2019
Captain Fantastic,7.8,7,253000,"Matt Ross","Comedy,Drama","Viggo Mortensen,George MacKay,Samantha Isler",2016
The Dictator,6.5,5,373000,"Larry Charles","Comedy","Sacha Baron Cohen,Anna Faris,John C. Reilly",2012
The Fall,7.8,9,132000,"Tarsem Singh","Drama,Fantasy","Lee Pace,Catinca Untaru,Justine Waddell",2006
In the Mood for Love,8,7,192000,"Wong Kar-Wai","Drama,Romance","Maggie Cheung,Tony Leung Chiu-wai,Ping-Lam Siu",2000
BlackBerry,7.3,8,73000,"Matt Johnson","Comedy,Drama","Jay Baruchel,Glenn Howerton,Matt Johnson",2023
Green Book,8.2,9,705000,"Peter Farrelly","Comedy,Drama","Viggo Mortensen,Mahershala Ali,Linda Cardellini",2018
Silence,7.2,8,136000,"Martin Scorsese","Drama","Andrew Garfield,Adam Driver,Liam Neeson",2016
GoodFellas,8.7,8,1400000,"Martin Scorsese","Drama","Robert De Niro,Ray Liotta,Joe Pesci",1990
Toamna bobocilor,7.4,10,390,"Mircea Moldovan,Mircea Mureșan","Comedy","Marin Moraru,Draga Olteanu Matei,Dumitru Furdui",1975
